{"train/loss": 0.1187, "train/learning_rate": 1.8026063372362244e-07, "train/epoch": 3.0, "train/global_step": 120936, "_timestamp": 1703015077.6130984, "_runtime": 53937.36442542076, "_step": 241, "train/train_runtime": 53938.4759, "train/train_samples_per_second": 71.748, "train/train_steps_per_second": 2.242, "train/total_flos": 2.52796905455616e+17, "train/train_loss": 0.14649218898479716, "_wandb": {"runtime": 53985}}