{"train/loss": 0.1188, "train/learning_rate": 1.8026063372362244e-07, "train/epoch": 3.0, "train/global_step": 120936, "_timestamp": 1702411230.9100456, "_runtime": 83485.84940171242, "_step": 241, "train/train_runtime": 83486.8996, "train/train_samples_per_second": 46.354, "train/train_steps_per_second": 1.449, "train/total_flos": 2.52796905455616e+17, "train/train_loss": 0.12482657214593279, "_wandb": {"runtime": 83501}}