{"train/loss": 0.224, "train/learning_rate": 4.8966395448832444e-05, "train/epoch": 0.06, "train/global_step": 2500, "_timestamp": 1702960957.9018776, "_runtime": 1103.5008625984192, "_step": 4, "_wandb": {"runtime": 1190}}